column,vd,amplitude,mu,sigma,baseline,fwhm,r2,rmse,n_points,success,message
VD_1V_ID,1.0,4.999999999999881e-10,17.5,2.2000000000000597,1.9999999999992128e-12,5.18060409900014,1.0,3.921007135754297e-24,121,True,ok
VD_2V_ID,2.0,1.1999999999980396e-09,18.200000000001396,2.8000000000051064,1.9999999997960087e-12,6.593496126012024,1.0,7.518895503679392e-22,121,True,ok
VD_3V_ID,3.0,1.999999999999853e-09,18.799999999999915,3.400000000000281,1.9999999999772727e-12,8.00638815300066,1.0,6.399978203545675e-23,121,True,ok
