column,vd,sigma,mu,amplitude,baseline,r2
VD_1V_ID,1.0,2.2000000000000597,17.5,4.999999999999881e-10,1.9999999999992128e-12,1.0
VD_2V_ID,2.0,2.8000000000051064,18.200000000001396,1.1999999999980396e-09,1.9999999997960087e-12,1.0
VD_3V_ID,3.0,3.400000000000281,18.799999999999915,1.999999999999853e-09,1.9999999999772727e-12,1.0
