N,mse,mae,r2
1,10437.057290638064,75.33524844941185,0.6632334506022524
2,10216.369314992045,73.77689210339213,0.6703542631054613
3,8583.203870187486,69.09587916185717,0.7230506770588283
