N,MSE_demand,MAE_demand,R2_demand,MSE_mean,MAE_mean,R2_mean
1,35097.13953051949,154.087010311571,-0.007611324015401655,35097.13953051949,154.087010311571,-0.007611324015401655
3,34803.69283286172,152.81421174392906,0.0008133003132497763,34803.69283286172,152.81421174392906,0.0008133003132497763
