N,mse_x,mse_v,r2_x,r2_v
1,2.017863668554015,0.2084674986932638,-3.681072395489184,-1.1487959884011913
2,2.0890613993792977,0.19531345042377632,-3.8462380296108023,-1.013209547685559
