N,mse,mae,r2
1,31602.09349208704,144.57917582970197,-0.019686649475557427
2,26109.164960867103,127.5375277307783,0.1575505291692948
