O2_percent,thickness,on_off_ratio
0,50,5.230195376
20,80,2.387883271
0,5,2.459672544
20,5,2.274333945
13,55,2.158721802
6,30,2.654790285
