O2_Percent,Thickness_nm,OnOff_Ratio_Measured
0.0,50.0,5.230195376
20.0,80.0,2.387883271
13.0,55.0,2.158721802
