label,meaning,count,fraction
-1,pass,1463,0.9336311423101468
1,fail,104,0.06636885768985322
