experiment,recall_fail,precision_fail,f1_fail,balanced_accuracy,pr_auc,roc_auc,model
no_smote_median,0.5480769230769231,0.1366906474820144,0.218809980806142,0.6510036016614964,0.1630827454860282,0.6928597718071403,logistic_balanced
smote_knn_top30,0.5096153846153846,0.1193693693693693,0.1934306569343065,0.6211781639413219,0.1209159425613243,0.681436984068563,xgboost_weighted
smote_median_top30,0.5576923076923077,0.1377672209026128,0.2209523809523809,0.654786003470214,0.1737315671258219,0.695422998054577,logistic_balanced
smote_median_top50_5fold,0.6153846153846154,0.1406593406593406,0.2289803220035778,0.6740627793259373,0.1335758072111229,0.710546032914454,xgboost_weighted
