recall_fail,precision_fail,f1_fail,balanced_accuracy,pr_auc,roc_auc,model
0.6153846153846154,0.14065934065934066,0.22898032200357782,0.6740627793259373,0.13357580721112297,0.710546032914454,xgboost_weighted
0.5480769230769231,0.14357682619647355,0.2275449101796407,0.6578388716546612,0.1520089636771509,0.7077396287922604,logistic_balanced
0.20192307692307693,0.168,0.18340611353711792,0.5654181344970819,0.13513436397643844,0.6782033755717967,gradient_boosting
0.10576923076923077,0.12790697674418605,0.11578947368421053,0.5272523529102476,0.12079159140043705,0.6712990956412009,svm_rbf_balanced
0.057692307692307696,0.14634146341463414,0.08275862068965517,0.5168844313581156,0.14704613264912478,0.7278708133971292,random_forest_balanced
0.0,0.0,0.0,0.5,0.06636885768985322,0.5,dummy_most_frequent
