{
  "-1":{
    "precision":0.9655172414,
    "recall":0.6689419795,
    "f1-score":0.7903225806,
    "support":293.0
  },
  "1":{
    "precision":0.1261261261,
    "recall":0.6666666667,
    "f1-score":0.2121212121,
    "support":21.0
  },
  "accuracy":0.6687898089,
  "macro avg":{
    "precision":0.5458216838,
    "recall":0.6678043231,
    "f1-score":0.5012218964,
    "support":314.0
  },
  "weighted avg":{
    "precision":0.909379619,
    "recall":0.6687898089,
    "f1-score":0.7516530624,
    "support":314.0
  }
}