mean_fit_time,std_fit_time,mean_score_time,std_score_time,param_model__C,params,split0_test_score,split1_test_score,split2_test_score,mean_test_score,std_test_score,rank_test_score
0.6610996723175049,0.018648338809277715,0.02306818962097168,0.0014494505305447521,0.0019517224641449498,{'model__C': np.float64(0.0019517224641449498)},0.15609756097560976,0.19672131147540983,0.17582417582417584,0.17621434942506517,0.01658687136958273,1
0.6856454213460287,0.0034232310418384356,0.02407066027323405,0.0006752751694614723,0.006026889128682512,{'model__C': np.float64(0.006026889128682512)},0.13953488372093023,0.19875776397515527,0.17964071856287425,0.17264445541965323,0.024678575862185456,2
0.721713145573934,0.04857322301222174,0.03247610727945963,0.014020851373534345,0.0060252157362038605,{'model__C': np.float64(0.0060252157362038605)},0.13953488372093023,0.19875776397515527,0.17964071856287425,0.17264445541965323,0.024678575862185456,2
0.7261372407277426,0.025348457511827804,0.024279038111368816,0.0010158057838996638,4.5705630998014515,{'model__C': np.float64(4.5705630998014515)},0.1323529411764706,0.20437956204379562,0.16783216783216784,0.16818822368414468,0.029405822668519703,4
0.6909325122833252,0.018288983828258002,0.022930701573689777,0.0007419061451531162,0.9846738873614566,{'model__C': np.float64(0.9846738873614566)},0.13043478260869565,0.2028985507246377,0.16551724137931034,0.16628352490421458,0.02958817123131764,5
0.6977490584055582,0.011521615887979406,0.023743947347005207,0.0009937647951548155,56.69849511478853,{'model__C': np.float64(56.69849511478853)},0.12030075187969924,0.2028985507246377,0.17391304347826086,0.16570411536086593,0.034216360308431865,6
0.6965959072113037,0.02895872840034665,0.02227131525675456,0.00027848448994149635,21.42302175774105,{'model__C': np.float64(21.42302175774105)},0.11940298507462686,0.20437956204379562,0.16296296296296298,0.16224850336046182,0.03469522059056521,7
1.155765453974406,0.6970263335148074,0.02342645327250163,0.0011441863414806473,0.0745934328572655,{'model__C': np.float64(0.0745934328572655)},0.1388888888888889,0.1917808219178082,0.1437908496732026,0.15815352015996656,0.023862157942614797,8
