column,vd,amplitude,mu,sigma,baseline,fwhm,r2,rmse,n_points,success,message
VD_6V_ID,6.0,1.4e-09,18.5,3.0,2.000000000000007e-12,7.064460134999999,1.0,5.767657007617238e-26,121,True,ok
VD_7V_ID,7.0,1.7999999999997913e-09,18.90000000000021,3.5000000000002585,2.0000000000033216e-12,8.241870157500609,1.0,8.393463811427171e-23,121,True,ok
ID_#1,,6.999999999998564e-10,17.799999999999745,2.100000000000341,1.9999999999997334e-12,4.945122094500803,1.0,4.657461232516337e-23,121,True,ok
ID_#2,,1.0999999999892044e-09,18.099999999983027,2.6000000000205272,1.999999999673922e-12,6.122532117048338,1.0,4.05225877625914e-21,121,True,ok
