column,vd,sigma,mu,amplitude,baseline,r2
VD_6V_ID,6.0,3.0,18.5,1.4e-09,2.000000000000007e-12,1.0
VD_7V_ID,7.0,3.5000000000002585,18.90000000000021,1.7999999999997913e-09,2.0000000000033216e-12,1.0
ID_#1,,2.100000000000341,17.799999999999745,6.999999999998564e-10,1.9999999999997334e-12,1.0
ID_#2,,2.6000000000205272,18.099999999983027,1.0999999999892044e-09,1.999999999673922e-12,1.0
